created_at,text,translate,actual_label,SVM_label,sentiment_score
2025-02-01 05:39:54+00:00,bbri mau buyback saham dana triliun,BBR wants to buy back trillions of funds in shares,positif,positif,0.7230144056
2025-02-02 01:11:40+00:00,buat ahli saham sisa uang sekian juta kira saham apa profitable antara saham ikut bbri bbca bmri tuju mau average down saham beli tahun lalu mahal advise please,"For stock experts, what shares are profitable between BBR, BBCA, BMRI, and other stocks? I want to average down the shares I bought last year. They were expensive, please advise.",netral,negatif,-0.3984775466
2025-02-02 10:22:36+00:00,bbri umum rencana buyback saham nila rp triliun rencana bahas rupst maret kira periode buyback maret maret buka informasi,bbri general plan share buyback worth rp trillion plan to discuss rupst march approximately buyback period march march open information,positif,positif,0.7070772026
2025-02-02 17:39:54+00:00,bbkp cut bang lai tinggal avg down kalo modal bbca bbri cicil tiap bulan unv biar wkwk,"BBKP cut, bro, just average down if you have BBCA capital, BRI installments every month, UNV, so that wkwk",positif,negatif,-0.3947588617
2025-02-03 01:11:07+00:00,bri bbri siap rp t buyback,BRI BBR ready for Rp t buyback,positif,positif,0.9563289589
2025-02-03 01:21:29+00:00,bagaimana view bijak trump,what is Trump's wise view?,netral,negatif,-0.2777413879
2025-02-03 02:48:02+00:00,siap siap pahlawan pahlawan saham bakal hype kata beli pakai time trading aci lah paling enggak buat alas,"Get ready, stock heroes will be hyped, the word buy using time trading is aci lah, at least for the base",positif,negatif,-0.4563799521
2025-02-03 02:51:43+00:00,investor siapsiap bbri mau buyback saham rp triliun,"Investors are getting ready, BRI wants to buy back Rp trillion in shares",positif,positif,0.9133533662
2025-02-03 03:54:08+00:00,imbas hampir umum kena semua sih korelasi prospek pasar saham kamu baca sini bbca bbri ratu,"The impact is almost universal, all of which are affected by the correlation of stock market prospects. You can read it here, BBCA, BBR Ratu.",negatif,negatif,-0.4827782765
2025-02-03 04:15:12+00:00,aku nawar agro rejek mulu nawar bbri malah aplikasi langsung hilang signal,"I always bid on Agro Rejeki, but I bid on Bbri, but the application immediately lost its signal.",negatif,negatif,-0.5594442462
2025-02-03 07:32:27+00:00,ihsg hari buka kuat tengah sentimen positif aksi net buy asing capai rp triliun sektor energi uang tunjuk performa solid bbri tlkm masingmasing naik,"JCI opens strong amid positive sentiment, foreign net buys reach Rp trillion, energy sector shows solid performance, BRI, TLKM each rose",positif,positif,0.9555555944
2025-02-03 09:42:44+00:00,market update feb ihsg tutup kuat level dorong sektor uang properti investor asing catat net buy rp triliun bijak suku bunga tetap top gainers hari bbri tlkm bmri,"Market update Feb. IHSG closes strong, boosting property sector; foreign investors record net buy of Rp trillion; wisely, interest rates remain; top gainers today: BBR, TLKM, BMRI",positif,positif,0.9138814377
2025-02-03 12:57:38+00:00,nice choice bbri memang koreksi besar panen years later,nice choice bbri is indeed a big correction for the harvest years later,positif,negatif,-0.5837672382
2025-02-03 14:28:03+00:00,saham bbri jeblok bbca sih lebih aman,"Bbri shares have plummeted, BBCA is safer",negatif,negatif,-0.3799871938
2025-02-03 14:37:33+00:00,mending bbri nya bikin biru biar uptrend saham,It's better if the BRI turns blue so the stock uptrend,positif,negatif,-0.4475814216
2025-02-03 15:13:12+00:00,siapa mau jadi pacar aku bbri aku lembar saham merah cokk bbri wkwkwkwkwk bbca aadi adro kamu tinggal pilih hadiah anniv,"Who wants to be my girlfriend, give me a red stock card, come on, give me a red stock card, wkwkwkwkwk, bbca, aadi, adro, you just have to choose your anniversary gift",negatif,negatif,-0.5234800074
2025-02-03 19:01:44+00:00,bbri merah,red bbri,negatif,negatif,-0.8444149624
2025-02-04 04:58:50+00:00,pasar saham indonesia tunjuk gera positif investor asing catat net buy signifikan turun suku bunga bi sektor uang jadi dorong utama sahamsaham bbri bmri alami naik substansial,"The Indonesian stock market shows positive movement, foreign investors recorded a significant net buy, the BI interest rate fell, the money sector became the main driver of BRI shares, BMRI experienced a substantial increase",positif,positif,0.9741227925
2025-02-04 05:24:46+00:00,sektor uang tunjuk performa positif putus bi tahan suku bunga bbri bmri catat naik signifikan investor asing agresif laku beli tanda percaya tingkat pasar saham indonesia,"The money sector shows positive performance, BI maintains interest rates, BBR, BMRI records significant increases, aggressive foreign investors buy, a sign of confidence in the Indonesian stock market.",positif,positif,0.9623961497
2025-02-04 06:27:34+00:00,sahamsaham sektor uang tunjuk performa positif putus bi tahan suku bunga bbri bmri masingmasing naik sektor properti alami rebound dorong sentimen pasar stabil,"Money sector stocks show positive performance, BI maintains interest rates, BBR, BMRI each rises, property sector rebounds, driving stable market sentiment",positif,positif,0.905351291
2025-02-04 06:56:05+00:00,pilih,choose,netral,negatif,-0.5497208058
2025-02-04 07:58:19+00:00,analis beri saran buy saham bbri tengah sentimen buyback rp t,Analysts advise buying BBR shares amidst buyback sentiment at Rp t,positif,positif,0.8432535823
2025-02-04 19:25:03+00:00,harga saham bbri terus turun valuasi makin tarik,"BBR share prices continue to fall, valuations are becoming more attractive",positif,negatif,-0.7483463303
2025-02-04 23:32:13+00:00,huhu kak padahal bbri naik bakalanya untung kok,"huhu sis, even though BBR is going up, it will be profitable",positif,negatif,-0.3373777064
2025-02-05 06:09:31+00:00,sahamsaham sektor uang tunjuk performa positif bank indonesia tahan suku bunga bbri bmri masingmasing naik investor asing catat net buy besar rp triliun tanda percaya pasar mulai pulih,"Money sector stocks show positive performance, Bank Indonesia maintains interest rates, BBR, BMRI each rose, foreign investors recorded a large net buy of Rp trillion, a sign of confidence in the market starting to recover.",positif,positif,0.9755369632
2025-02-05 06:20:03+00:00,berita kini tunjuk ihsg alami kuat periode jual bersih investor asing sektor uang pimpin sahamsaham bbri bmri catat naik signifikan,"Current news shows that the JCI experienced a strong net selling period, foreign investors in the money sector led BBR shares to record a significant increase.",positif,positif,0.9448212875
2025-02-05 06:24:16+00:00,saham bri paling buru alas meski pasar sedang gejolak,BRI shares are the most sought after even though the market is in turmoil,positif,positif,0.5648241124
2025-02-05 06:25:15+00:00,ihsg hari tunjuk gera positif net buy asing capai rp triliun dorong turun suku bunga bi sektor uang jadi dorong utama bbri bmri masingmasing naik,"JCI today showed positive movement, foreign net buy reached Rp trillion, pushing down BI interest rates, money sector became the main driver for BBR, BMRI, each rose",positif,positif,0.9382490308
2025-02-05 11:40:52+00:00,ekonomi anjlok banget gambling banget mau dibelanjain logam mulia tunggu serok bbri anjlok under,"The economy has really dropped, gambling really wants to spend precious metals, waiting for the BRI balance to drop below",negatif,negatif,-0.6943807802
2025-02-05 11:44:16+00:00,cowonya buru top up bbri pas murah lumayan banding beli ip,"The guy rushed to top up his BBR when it was cheap, it was quite good compared to buying an IP.",positif,positif,0.5956526541
2025-02-05 13:38:50+00:00,aku pertama kali beli bbri star,I first bought Bbri Star,positif,negatif,-0.1882494178
2025-02-05 14:35:57+00:00,bentar dulu beli harga berapa saham bbri wkkwkwk,"Hang on, how much did you buy BRI shares for? Hahahaha",netral,negatif,-0.5076554164
2025-02-06 00:59:42+00:00,trading idea februari bbri buy on weakness area beli cutloss break bawah break bawah potensi naik short term,"February trading idea, BBR, buy on weakness area, buy cut loss, break below, break below, potential for short-term increase",positif,positif,0.8695464448
2025-02-06 02:29:14+00:00,positif naik sih bbri banyak cuannya,"positive, bbri has a lot of profit",positif,positif,0.7439489651
2025-02-06 04:03:43+00:00,bbri memang tahi kayak saham goreng,BBRI really is shit like fried stock,negatif,negatif,-0.8807341358
2025-02-06 13:33:58+00:00,kalo hari paksu pulang bawa emosi maklum mungkin porto merah bara,"If the day comes when the husband comes home with emotions, you know, maybe Porto will be red hot",negatif,negatif,-0.6070846085
2025-02-06 16:11:18+00:00,gilir bos bbca bbri beri komentar via,It's the BBCA and BBR boss's turn to comment via,netral,netral,0
2025-02-06 16:49:24+00:00,bbri nih gue tengsin anjlok ribu,bbri nih I'm so nervous it's plummeted thousands,negatif,negatif,-0.7636398103
2025-02-07 01:22:07+00:00,ihsg bakar asing pilih koleksi saham bris bbri,IHSG burns foreigners choose BRI BBR stock collection,positif,negatif,-0.5686593181
2025-02-07 01:44:02+00:00,bbri bmri biar merah penting ijo porto wifi harga,bbri bmri let red important green porto wifi price,negatif,negatif,-0.7761937064
2025-02-07 01:59:20+00:00,bilang selamatin saham bmri bbri lebih penting selamat saham bumn kan,"say save BMRI shares, BBR is more important to save BUMN shares, right?",negatif,negatif,-0.2864145727
2025-02-07 03:25:39+00:00,prospek saham bank bbri bbni rencana buyback saham,"BRI Bank stock prospects, BNI share buyback plan",positif,positif,0.8788770038
2025-02-07 03:55:05+00:00,bagaimana ihsg hari serok bmri bbri ngumpulin modal buat beli wah keburu naik wkwkwkwkw,"How did the IHSG today scoop up BMRI BBR to collect capital to buy, wow, it suddenly went up hahahahaha",positif,positif,0.5416245882
2025-02-07 06:40:08+00:00,bbca bbri naik turun malah via,BBCA and BBR are going up and down even via,positif,negatif,-0.5648708774
2025-02-07 12:29:31+00:00,asing balik arah serok bbri harga bakal begini via,"foreigners turn around to scoop up BBR, the price will be like this via",positif,positif,0.5870626522
2025-02-07 13:15:45+00:00,sempat heran lewat mulu nyata ads bbri pasang ads merah banget kok wkwkwkk,"I was surprised when the BBR ads were really red, hahaha",negatif,negatif,-0.6665100047
2025-02-08 03:30:52+00:00,makin rontok bbri,more and more hair loss,negatif,negatif,-0.6737803018
2025-02-08 06:56:05+00:00,ketidakpastian sangat tingkat periode awal perintah baru makanya orang takut wkwk lebih percaya bbri bbca orisinal walaupun beda banget sih wkwkwk,"The uncertainty is very high at the initial level of the new order period, that's why people are afraid, haha, they trust the original BBCA more, even though it's very different, haha",positif,negatif,-0.6337072451
2025-02-08 08:13:42+00:00,kiri pusing pikir kapan eth kanan pusing pikir kapan bbri choose your side kalian tim kanan kiri sc algo research,left dizzy thinking when eth right dizzy thinking when bbri choose your side you right left sc algo research team,netral,negatif,-0.5976057174
2025-02-09 11:49:02+00:00,orang orang tuh enggak pernah ajar basic saham kasih saham dikit kira wah padahal lembar saham bbri cuma lembar arti juta mulai henti glorifikasi kasih saham bahkan enggak ngampe milik,"These people never teach the basics of shares, they give a small amount of shares, they think it's 'wow', even though the BRI share sheet is only a sheet, meaning millions, they start to stop glorifying the shares, they don't even get theirs.",negatif,negatif,-0.5453866716
2025-02-09 16:26:52+00:00,bbri cuman lot gede gaji gue mah wkwkwkwkwk,"bbri is just a big lot, my salary is hahahaha ...",negatif,positif,0.4659867408
2025-02-10 03:20:44+00:00,konsisten longsor bbri amp tlkm kadang rasa mau evakuasi benam,consistent landslides bbri amp tlkm sometimes feel like evacuating benam,negatif,netral,0
2025-02-10 04:41:16+00:00,big bang bbni bmri bbri whoahh discount,Big Bang BBNI BMRI BBR Whoahh Discount,positif,netral,0
2025-02-10 06:33:10+00:00,bbri berapa via,how much via bbri,netral,netral,0
2025-02-10 12:42:11+00:00,bbri bbca,bbri bbca,netral,netral,0
2025-02-10 13:17:16+00:00,apa biasa gue cuan luber bmri bbri awal tahun malah darah weekly chart ihsg jelek noh,"Is it normal for me to make a lot of money from BMRI BBR at the beginning of the year, but the weekly blood chart of the IHSG is bad, huh?",negatif,negatif,-0.6578094157
2025-02-10 13:38:21+00:00,bbri longsor parah bangsat,"bbri landslide, damn it",negatif,negatif,-0.6388683598
2025-02-10 14:37:35+00:00,masuk,enter,netral,netral,0
2025-02-10 14:53:21+00:00,sunarso benar tahu saham bbri mainin sama asing sunarso apa,"Sunarso really knows what foreigners are playing with BBR shares, Sunarso?",negatif,negatif,-0.3176467466
2025-02-11 00:47:13+00:00,kalo nilai sekarang ltjuta turun punya bbri,if the current value is ltjuta it will go down to bbri,negatif,negatif,-0.6016635539
2025-02-11 04:34:35+00:00,bbri avg enggak berani lihat market dulu,bbri avg doesn't dare to look at the market first,netral,negatif,-0.7407329981
2025-02-11 05:05:30+00:00,semua mulai outflow bbri jp morgan mulai downgradein saham otomatis mentrigger fund etf ikut jual mulai september,"All BRI outflows started, JP Morgan started downgrading shares automatically, triggering ETF funds to sell starting in September",negatif,negatif,-0.5831839008
2025-02-11 05:18:18+00:00,saham bbri kapan rebound gila sih ihsg parah banget hari,When will BRI shares rebound? The JCI is really bad today.,negatif,negatif,-0.8463939812
2025-02-11 08:34:19+00:00,bmri kin kalo lu lihat pagi nyentuh anjir mau ngejar bbri cok,bmri kin if you see it in the morning touching the anjir it wants to chase bbri cok,netral,negatif,-0.7416847251
2025-02-11 09:38:16+00:00,maaf kak bbri merosottttttt sedih,sorry sis bbri is slumping sadly,negatif,negatif,-0.2941780263
2025-02-11 10:46:02+00:00,we belik kalian bbri,we buy you bbri,negatif,negatif,-0.2759201079
2025-02-11 13:57:00+00:00,hancur semenjak bbri jadi enggak asa sekarang,destroyed since bbri so hopeless now,negatif,negatif,-0.7160836888
2025-02-11 13:59:28+00:00,loh nder kok tuh bbri duluan,"Oh, why did Bbri come first?",netral,negatif,-0.411685712
2025-02-11 15:51:52+00:00,bongkar kasus saham bbri kemarin turun via,uncover the case of yesterday's BRI stock drop via,negatif,negatif,-0.6530165039
2025-02-11 20:00:07+00:00,yakan lembar lot tanya nya simple beli bawah lembar pasar regulermarket saham enggak bisa jadi lot memang itungannya dikit imingan lembar saham bbri jadi kesan wah,"Yes, the lot sheet is asked simply to buy the regular market sheet, the stock market can't be a lot, the calculation is indeed a little bit, the lure of the BBR stock sheet makes it look great",negatif,netral,0
2025-02-11 23:55:08+00:00,bri bbri cetak laba rp t panjang,bri bbri prints profit of rp t long,positif,positif,0.8497820314
2025-02-12 05:12:48+00:00,saham bank big caps koreksi bos bbri fokus jaga via,"Big cap bank shares corrected, BBR boss focuses on maintaining via",netral,netral,0
2025-02-12 06:55:05+00:00,msci bbca bbri bmri tlkm asi bbni ammn adro amrt goto tpia cpin indf klbf icbp brpt untr,msci bbca bbri bmri tlkm asi bbni ammn adro amrt goto tpia cpin indf klbf icbp brpt untr,netral,netral,0
2025-02-12 07:31:23+00:00,ekonomi stabil saham bbri ribu,"stable economy, thousands of BRI shares",netral,netral,0
2025-02-12 10:46:57+00:00,bbri bmri bang,bbri bmri bang,netral,netral,0
2025-02-12 10:51:27+00:00,bbri bmri bbca,bbri bmri bbca,netral,netral,0
2025-02-12 12:10:42+00:00,orang dewa bbri banget deviden kali taun,god people are very generous with dividends this year,negatif,negatif,-0.2694172481
2025-02-12 15:21:34+00:00,jangan lupa borong bbri min,"don't forget to buy BBR, min",positif,negatif,-0.5393691414
2025-02-12 23:31:22+00:00,kejut inflasi as naik mom inflasi tahun naik pasar guncang,inflation shock as rising mom inflation year rising market shakes,negatif,positif,0.8132044958
2025-02-12 23:56:31+00:00,update kerja emiten fy bbca laba rp triliun bbri laba rp triliun,"Issuer work update FY BBCA profit of Rp trillion, BRI profit of Rp trillion",positif,positif,0.7706093607
2025-02-13 00:16:53+00:00,bikin harga saham bbri turun plus pak pres kasih statement trading saham judi,make the price of BRI shares fall plus the president gives a statement about trading gambling shares,negatif,negatif,-0.5572371242
2025-02-13 00:41:22+00:00,gede begini potensi dividen bbri via,This is how big the potential dividends are for BBR via,positif,positif,0.6023706736
2025-02-13 07:47:45+00:00,saham bbri lembar lot harga pas beli kisar an lah arti asih idr juta an sekarang arti floating loss sisa juta jangan lupa averaging down,"Bbri shares sheet lot price when buying, the price is around IDR million, now the meaning of floating loss is the remaining million, don't forget to average down",negatif,negatif,-0.4348220404
2025-02-13 09:00:01+00:00,laba naik tipis bocor dividen saham bbri,"profit increased slightly, BBR stock dividend leaked",netral,positif,0.7081445829
2025-02-13 13:43:44+00:00,bbca bbri diskon,BBCA BBR discount,positif,positif,0.4897076295
2025-02-14 01:46:24+00:00,bbri target kredit umkm tumbuh kredit umkm bbri capai rp t bank optimistis tetap tumbuh stabil tahun depan sinyal positif investor,Bbri targets growth in MSME credit. Bbri's MSME credit reaches Rp 1 trillion. The bank is optimistic that stable growth will continue next year. This is a positive signal from investors.,positif,positif,0.8142065553
2025-02-14 03:49:32+00:00,stop bandar main bbri,stop the dealer playing bbri,negatif,negatif,-0.4492138777
2025-02-14 04:50:46+00:00,bbri rebound enggak sih ambles supportnya mulu asa aowkwk,"Is BBR rebounding or not? The support is always falling, aowkwk",negatif,negatif,-0.6150625102
2025-02-14 04:57:45+00:00,kemarin tlkm hari bbri investor hilang trust satu per satu mulai lepas lembar saham milik,"Yesterday, BRI investors lost trust one by one, starting to sell off their shares.",negatif,negatif,-0.3275164608
2025-02-14 04:59:48+00:00,bbri jebolll bawah sikaatt dong,bbri broke down sikaatt dong,positif,negatif,-0.2517622861
2025-02-14 05:53:06+00:00,bbri kalo jebol mending jual terigu kocak,"If bbri breaks, it's better to sell flour, funny",negatif,negatif,-0.8840606076
2025-02-14 07:00:43+00:00,bbri mau dibuyback banting dulu,"bbri wants to be bought back, slam it first",negatif,negatif,-0.8346528441
2025-02-14 08:57:35+00:00,bbri r lu,bbri r lu,netral,negatif,-0.4502408361
2025-02-14 11:57:03+00:00,fundamental sama teknikal gangaruh sama bbri,fundamental and technical influence on BBR,negatif,negatif,-0.2865548884
2025-02-14 14:03:02+00:00,bbri apakahh terjun payung bawah,bbri whether parachuting down,netral,negatif,-0.8238316275
2025-02-14 15:27:43+00:00,bbri diskon,bbri discount,positif,positif,0.8111154127
2025-02-14 17:04:29+00:00,lu mah mending gue nabung tiap bulan kubeliin saham bbri malah turun terus saham ngentod,"You're better off saving up every month I buy BRI shares, but instead the shares go down and keep going down",negatif,negatif,-0.7979773041
2025-02-15 03:09:21+00:00,empat bank kapital jumbo lapor kerja panjang pt bank rakyat indonesia tbk bbri tempat posisi pertama bank milik laba konsolidasi paling besar besar rp triliun baca lengkap,"four jumbo capital banks report long-term work of PT Bank Rakyat Indonesia Tbk BBR, the first position of the bank with the largest consolidated profit of Rp trillion, read in full",positif,positif,0.7902274832
2025-02-15 20:02:59+00:00,bingung banget makin hari makin terjun padahal mau plan lm nyangkut bbri sama bnga,"I'm really confused, I'm getting more and more confused every day, even though I want to plan my next trip, I'm still stuck with my sister and my brother.",negatif,negatif,-0.9767226657
2025-02-16 09:48:06+00:00,tadi mau serok stock bbri cuma ngeringeri mental siap jadi kaya serok rdo bismillah mau coba naro bahana,"I was going to take out BRI stock, I was just mentally cringing, ready to be rich, Bismillah, I want to try naro Bahana.",negatif,positif,0.8234147552
2025-02-16 15:47:12+00:00,bang saham kayak bbca bbri bmri kan,"Bro, shares are like BBCA, BRI, BMRI, right?",netral,netral,0
2025-02-17 00:02:55+00:00,kerja bbri ku lebih baik banding ku lihat dasar turun ckpn posisi ku nya turun banding posisi ku nya,My bbri work is better than I see the basis of going down when my position goes down compared to my position,positif,negatif,-0.7557280855
2025-02-17 01:50:55+00:00,target bbri jangka panjang,long-term bbri targets,netral,netral,0
2025-02-17 07:20:03+00:00,pantau bmri bbni bbri justru tingkat lumayan signifikan hari,monitor bmri bbni bbri precisely the level is quite significant today,positif,positif,0.5460970068
2025-02-17 08:16:56+00:00,gue sesal sell kemarin pas koreksi pengin masuk pas takuk makin dalem akhir pel perban bnga bmri sama bbri,"I regret selling yesterday when I was correcting it, I wanted to go in when the notch got deeper and deeper, finally the bandage was on, BMRI and BBR",positif,negatif,-0.8740176751
2025-02-17 10:50:53+00:00,gajadi jual terigu nih bbri close tudey sent kali,gajadi jual tepung nih bbri close tudey sent kali,positif,negatif,-0.5107439525
2025-02-17 14:07:54+00:00,apa tarik bbri nya ganti bluechip,What about pulling BBR to replace blue chip?,negatif,netral,0
2025-02-17 14:35:49+00:00,weekly mesti mantul bbri,weekly must bounce bbri,positif,negatif,-0.3291792051
2025-02-17 14:40:26+00:00,cl bbri enggak sih,cl bbri no,netral,negatif,-0.8098746469
2025-02-17 14:52:55+00:00,danantara mulai rame dengar gaung bulan november jujur degan haha takut bbri sama ptba enggak dividen terus kalo jepang cuma bni datang kantor jadi wni kayak enggak hari waswas,"Danantara is starting to get busy hearing the echo of November, honestly haha, I'm afraid BRI and PTBA won't get dividends, and if Japan only comes to the office, it will be like being an Indonesian citizen, not having a day of anxiety.",netral,negatif,-0.4835262839
2025-02-17 16:04:20+00:00,tanya sama grok nyata saham bbri rontok black rock lepas saham bbri,ask real grok bbri shares fall black rock releases bbri shares,negatif,netral,0
2025-02-17 16:13:41+00:00,simpan bmri bbri mending buru ngungsi bbca,save bmri bbri better hurry up and evacuate bbc,negatif,negatif,-0.2754707034
2025-02-18 01:10:19+00:00,kerja btps posisi ku jauh lebih baik banding ku nya turun ckpn cukup signifikan kondisi mirip bbri kata faktor event pilkada konfirmasi mampu buat daya beli masyarakat naik,"My position at BTPS is much better than mine, but the CKPN has dropped significantly. Conditions similar to BBR said that the regional election event factor was confirmed to be able to increase people's purchasing power.",positif,negatif,-0.49586614
2025-02-18 02:08:53+00:00,bbri borong kata gin via,bbri wholesale word gin via,positif,netral,0
2025-02-18 03:16:16+00:00,saham bbri potensi bentuk pattern double bottom konfirmasi breakout channel,"Bbri shares have the potential to form a double bottom pattern, confirming a channel breakout",positif,negatif,-0.3309040688
2025-02-18 03:20:32+00:00,iseng mantengin running trade kok bbri bbni bbca tebal banget belanja lot jumbo mantap sektor bank,"Just for fun, keep an eye on running trade, why is BBR, BNI, BBCA so thick? Buying jumbo lots is great, banking sector",positif,positif,0.4970824492
2025-02-18 07:30:00+00:00,strategi bri bbri jaga tumbuh bisnis tengah ketidakpastian global,BRI's strategy to maintain business growth amidst global uncertainty,netral,positif,0.6775762374
2025-02-18 08:13:12+00:00,dirut bri bbri sunarso sebut bahaya panas global pamer realisasi kredit lanjut,"BRI CEO Sunarso mentions the danger of global warming, shows off continued credit realization",netral,negatif,-0.2150408414
2025-02-18 10:53:10+00:00,bbri sesuai target semua,bbri meets all targets,netral,netral,0
2025-02-18 13:10:39+00:00,jangan mudah pengaruh fundamental bbri tetap solid tengah bagai isu,"Don't be easily influenced by the fundamentals of BBR, which remain solid amidst issues.",positif,positif,0.7481111887
2025-02-19 02:28:42+00:00,aksi corporation buyback saham bank himbara bbri bakal buyback saham nilai rp t bmri bakal buyback saham nilai rp t bbni bakal buyback saham awal rp sama jadi rp t kalian pilih mana buat koleksi wkwkwk,"Himbara Bank's share buyback action, BBR will buy back shares worth Rp t, BMRI will buy back shares worth Rp t, BNI will buy back shares from the same initial Rp to Rp t, which one do you choose for your collection, wkwkwk",positif,positif,0.8658098376
2025-02-19 02:46:48+00:00,bbri makin turun peluang ancam via,bbri increasingly decreases the opportunity to threaten via,netral,negatif,-0.8359131228
2025-02-19 03:05:17+00:00,maksud lu lu punya reksadana obligasi isi saham bbri,What you mean is you have a bond mutual fund containing BRI shares,netral,negatif,-0.3194872752
2025-02-19 03:23:02+00:00,aksi buyback saham bank himbara bbri bank bri buyback saham nila rp triliun bmri bank mandiri buyback saham nila rp triliun bbni bank bni awal rencana buyback rp sama naik jadi rp triliun,"Himbara Bank share buyback action, BBR Bank BRI share buyback worth Rp trillion, BMRI Bank Mandiri share buyback worth Rp trillion, BNI Bank BNI initial buyback plan Rp sama increased to Rp trillion",positif,positif,0.9222670366
2025-02-19 09:06:43+00:00,bbri ku selamat harga meski minus,"My bbri is safe, the price is even though it is minus",positif,negatif,-0.8499441847
2025-02-19 09:41:57+00:00,admr adro amrt arto asri bbca bbri blta bnii bren bumi byan cleo dssa elsa excl goto gpso hero imas indy jsmr kaef keju kija laju map midi pgeo sido tays tlkm unvr,admr adro amrt arto asri bbca bbri blta bnii bren bumi byan cleo dssa elsa excl goto gpso hero imas indy jsmr kaef keju kija laju map midi pgeo sido tays tlkm unvr,netral,netral,0
2025-02-19 11:33:34+00:00,ihsg jeblok banking sector nya indonesia jeblok bbca bmri bbri ambles sekarang banking sector cermin kondisi ekonomi suatu negara tanda nya ekonomi indonesia enggak bagus rupiah lemah usd level,"JCI has plummeted, Indonesia's banking sector has plummeted, BBCA, BMRI, BBR has collapsed, and the banking sector is now a reflection of a country's economic condition, a sign that Indonesia's economy is not good, the rupiah is weak, USD level",negatif,negatif,-0.7678503396
2025-02-19 23:19:14+00:00,sangat tarik lihat zp akumulasi bbri dekat pbv per minimal nya level tarik perhati pbv min low jadi an max nya risk reward jauh bbri ratio ttm last lk ku pe pbv pas npm,"very interesting to see the accumulated ZP of BBR near the minimum PBV level, pay attention to the minimum PBV, so the maximum risk reward is far from BBR ratio, last time I pe PBV when NPM",positif,negatif,-0.360036057
2025-02-20 00:19:17+00:00,ihsg technical view ihsg kemarin tutup lemah level serta net sell asing t all market saham paling banyak jual asing bbca bmri amrt bbri eraa,"JCI technical view JCI yesterday closed at a weak level and net foreign sell in all stock markets, most foreigners sold were BBCA, BMRI, AMRT, BBR, Eraa.",negatif,negatif,-0.9242049867
2025-02-20 01:48:25+00:00,bbri punya track record luar biasa jangan takut sama spekulasi cek data uang tetap kokoh,"bbri has an extraordinary track record, don't be afraid of speculation, check the data, money remains strong",positif,positif,0.6353832808
2025-02-20 01:48:56+00:00,fundamental bbri solid banget jangan gampang percaya isu negatif bisnis tumbuh pesat,"Bbri's fundamentals are very solid, don't easily believe negative issues, the business is growing rapidly",positif,positif,0.8834930204
2025-02-20 02:10:44+00:00,fundamental bbri uji jangan makan isu cek lapor uang tetap stabil,bbri fundamental test don't eat the issue check report money remains stable,positif,positif,0.9062421541
2025-02-20 02:16:28+00:00,saham bbri enggak goyah cuma garagara konten negatif fundamental tetap solid bisnis tetap maju,"BBR shares are not shaky just because of negative content, fundamentals remain solid, business continues to progress",positif,positif,0.9559779644
2025-02-20 02:19:30+00:00,saham bbri diomongin negatif fundamental tetap stabil bisnis tetap cuan,"Bbri shares are said to be negative, fundamentals remain stable, business remains profitable",positif,positif,0.9696494541
2025-02-20 02:20:05+00:00,banyak coba bikin takut pegang saham bbri nyata bisnis tetap tumbuh,"Many people try to scare you into holding BBR shares, but the real business continues to grow.",positif,positif,0.806628223
2025-02-20 02:22:29+00:00,jangan keburu panik bbri tetap punya fundamental kokoh bisnis tetap kembang,"Don't panic, BBR still has strong fundamentals and the business continues to grow.",positif,positif,0.9445882271
2025-02-20 02:27:34+00:00,saham bbri tetap tarik bisnis kembang laba terus naik fundamental tetap top,"Bbri shares continue to attract business growth, profits continue to rise, fundamentals remain top",positif,positif,0.9752997232
2025-02-20 02:28:51+00:00,banyak nakutnakutin soal bbri data enggak bohong fundamental tetap solid,"There are many scaremongers about BBR, the data doesn't lie, the fundamentals remain solid",positif,positif,0.9566119845
2025-02-20 02:33:58+00:00,bbri buyback rp triliun bbri buyback saham nila rp triliun program kuat harga saham amp tingkat eps buyback langsung maret maret saat cuan,bbri buyback rp trillion bbri buyback shares nila rp trillion strong program stock price amp eps level direct buyback march march when cuan,positif,positif,0.8601120226
2025-02-20 06:36:15+00:00,intip dividen bumn masuk danantara bri bbri besar,peek at BUMN dividends entering Danantara BRI BBR large,positif,positif,0.5409860433
2025-02-20 07:28:31+00:00,asa enggak bbri doang bank lesu,hope not only bbri bank sluggish,negatif,negatif,-0.3609645752
2025-02-20 07:46:06+00:00,bbri otw serokk,bbri otw serokk,positif,negatif,-0.435642142
2025-02-20 07:58:20+00:00,cicil beli bbri entar sore tanggal kan msci tambah,installment buy bbri this afternoon date can msci add,positif,negatif,-0.2471722724
2025-02-20 08:57:47+00:00,pas kali tutup bbri tebak gua besok mau genting ach tebak genap ganjil,"When BRI closes, I guess tomorrow it's going to be critical, I guess it's even, odd",netral,negatif,-0.6143717786
2025-02-20 09:31:09+00:00,heboh seru tarik dana bank respons bri bbri,exciting excitement withdrawing funds from BRI bank response,negatif,positif,0.5430997683
2025-02-20 09:37:46+00:00,data amp wifi benerbener selamat porto jantung enggak aman hantam mulu sama pan bbri,data amp wifi really safe porto jantung not safe hit always with pan bbri,negatif,negatif,-0.3473956604
2025-02-20 10:02:43+00:00,admr adro amrt arto asri bbca bbri blta bnii bren bumi byan cleo dssa elsa excl goto gpso hero imas indy jsmr kaef keju kija laju map midi pgeo sido tays tlkm unvr portofolio warteg saham by jo ot sih,admr adro amrt arto asri bbca bbri blta bnii bren bumi byan cleo dssa elsa excl goto gpso hero imas indy jsmr kaef cheese kija jasa map midi pgeo sido tays telkm unvr stock warteg portfolio by jo ot anyway,netral,netral,0
2025-02-20 10:41:39+00:00,kok youw rasio total cute plus at total cute minus naik kali kali lipat pws by jo ot p adro amrt antm apln arto asi bank bbca bbri bumi cleo cpin dssa excl jsmr keju myor pgas sido tlkm wika,kok youw ratio total cute plus at total cute minus increased many times pws by jo ot p adro amrt antm apln arto asi bank bbca bbri bumi cleo cpin dssa excl jsmr keju myor pgas sido tlkm wika,netral,netral,0
2025-02-20 11:54:26+00:00,orang tolol banget bbri,really stupid person bbri,negatif,negatif,-0.7595325349
2025-02-20 12:39:49+00:00,tahun maju cuan by jo desember sd februari ades amrt asi bbca bbri bnii bren byan dssa kija map mtel ihsg ancurcrashkrisis tunai portofolio warteg saham by jo ot b kali lipat at,year forward profit by jo december elementary school february ades amrt asi bbca bbri bnii bren byan dssa kija map mtel ihsg cash crisis stock warteg portfolio by jo ot b fold at,netral,netral,0
2025-02-20 13:04:10+00:00,nyala bbri ku,turn on my BBR,positif,positif,0.8907487297
2025-02-21 01:54:16+00:00,aku uang juta mending beli shm bbri st mau beli saham takut turun harga mau beli obligasi nyata kecil bunga,"I have millions of money, I'd rather buy SHM BBR ST, I want to buy shares, I'm afraid the price will go down, I want to buy bonds, real, small interest",netral,negatif,-0.3864708456
2025-02-21 01:57:03+00:00,saat banyak saham bagus beli bbri wkwk,"when there are lots of good shares, buy BBR, haha",negatif,negatif,-0.2485503642
2025-02-21 05:13:21+00:00,pengaruh pasar modal bumn alih danantara pertamina pln bbri bbni bmri tlkm mind id muliaman hadad jadi kepala bpi danantara potensi ganti ada syarat batas usia,"The influence of the BUMN capital market on the transfer of Danantara Pertamina PLN BBR BBN IBRI TLKM Mind ID Muliaman Hadad becomes the head of BPI Danantara. There is a potential for replacement, there is an age limit requirement.",netral,netral,0
2025-02-21 05:38:35+00:00,bbri nderrr,bbri nderrr,netral,netral,0
2025-02-21 06:31:07+00:00,orang orang tuh obses sama bbri,people are obsessed with BBRI,netral,negatif,-0.3305227851
2025-02-21 09:00:00+00:00,sore buang bbri bbni bmri gede kamar gelap semiga akhir biar senen umum dana tara langsung naik,afternoon throw away bbri bbni bmri big dark room hopefully at the end so that senen general dana tara immediately goes up,negatif,negatif,-0.5725774668
2025-02-21 09:22:20+00:00,bmri bbri bbni erti akar masalah danantara jangan ikut panik,bmri bbri bbni erti root of the problem danantara don't panic,netral,negatif,-0.4562582604
2025-02-22 10:22:29+00:00,tanda serok bbri price book value alias deh murah banget,bbri price book value sign alias deh murah banget,positif,negatif,-0.4342943395
2025-02-22 12:17:35+00:00,gue rencana mau beli bbri jadi mikir kan kata dividen setor danantara entar lah kalo dividen buat investor bagaimana dong kurang tetap kalo enggak dividen invest bank himbara jadi enggak tarik soal,"I plan to buy BRI, so I'm thinking about the word dividend deposit, then what if the dividend is for investors, it's not enough, if there's no dividend, invest in Himbara Bank, so I won't withdraw it.",netral,positif,0.7092293004
2025-02-23 14:39:00+00:00,besok danatara launching kirakira efek bbri bagaimana,"Tomorrow Danatara will launch, what will be the effect of BBR?",netral,negatif,-0.3305930463
2025-02-23 14:42:06+00:00,kak better hold apa lepas nih bbri makin terjun bebas,"Sis, is it better to hold on or let go? Bbri is falling further and further.",negatif,negatif,-0.2501452087
2025-02-24 04:22:44+00:00,shm bumn pertama masuk danantara bbri bbni bmri tlkm mind ptba antm tins inco pln pertamina bursa tarik serok guys,SHM BUMN first to enter danantara bbri bbni bmri tlkm mind ptba antm tins inco pln pertamina bursa tarik serok guys,netral,netral,0
2025-02-24 06:25:33+00:00,sok sentimen negatif danantara enggak bakal ngaruh apa apa saham bumn kayak bmri bbri bbni even mungkin tlkm basically ihsg tumbang posisi harga deh diskon strong buy cukong enggak bisa dicounter sama gera tarik uang masal bank bumn sbnrnya gue dukung,"Danantara's negative sentiment won't affect anything, BUMN shares like BMRI, BBR, BNI, maybe even TLKM, basically the JCI will fall, the price position is discounted, strong buy, brokers can't be countered by mass withdrawals of BUMN banks, I actually support it.",negatif,negatif,-0.2753442075
2025-02-24 06:54:08+00:00,gue sindir bbri dikit akun tiba jbjb sinis pas gue lik nyata pegawai marketingnya bri,"I was sarcastic about Bbri's account, but JBJB was sarcastic when I saw that BRI's marketing employee was real",negatif,negatif,-0.4988049173
2025-02-24 10:32:12+00:00,good time lepas saham bbri totally cabut bumn,"good time to release BRI shares, totally withdraw from BUMN",negatif,negatif,-0.5712519748
2025-02-24 12:16:01+00:00,bbri kynya doble bottom beberapa fund besar mulai masuk moga tahan,"bbri seems to be a double bottom, several large funds are starting to enter, hopefully it will hold up",positif,negatif,-0.2190420303
2025-02-24 12:16:17+00:00,gue benci banget sama danantara framing enggak se cmiiw bumn masuk top ihsg by mkt cap cuma bmri bbni tlkm and bbri enggak ada turun bawah hari ihsg akhir akhir turun salah perintah,"I really hate Danantara's framing, not as CMIIW, BUMN entered the top of the IHSG by MKT, only BMRI, BBNI, TLKM, and BBR did not go down today, the IHSG finally went down, wrong order",negatif,negatif,-0.83470516
2025-02-24 13:29:59+00:00,loh aku malah baru nyicil lot bbri,"Oh, I just paid off a lot of BBR",positif,negatif,-0.2267651933
2025-02-24 13:31:41+00:00,bbni bbri ca mau buyback saham yakali lu beli saham mau harga tinggi benci dungu jangan lah lae jangan lah kau tebar bodoh sendiri,bbni bbri ca wants to buy back shares maybe you bought shares for a high price hate stupid don't do it lae don't spread your own stupidity,negatif,negatif,-0.4967019513
2025-02-24 13:44:21+00:00,saham haram nder kalo bbri fatwa nya cabut,shares are haram if the fatwa is revoked by BRI,negatif,negatif,-0.6248662556
2025-02-24 14:30:16+00:00,pantau saham bbni bbri bmri tlkm hari,monitor bbni bbri bmri tlkm shares today,netral,netral,0
2025-02-24 14:38:38+00:00,bulan saham bbri koreksi indeks alami down trend tak buat apaapa semua jelas,"This month, BBR shares corrected the index, experiencing a downtrend, without any reason, everything is clear.",negatif,negatif,-0.7183801422
2025-02-24 16:12:21+00:00,waktu tepat beli saham perban bulan bulan bbri bmri bbni tengah khawatir investor perihal danantara,"The right time to buy bandage shares in the months of BBR, BMRI, BBNi, investors are currently worried about Danaantara.",positif,negatif,-0.6353842486
2025-02-25 02:20:54+00:00,uang all bbri avg enggak niat trade sih memang murni ngincer yield nya an per tahun kalo tahun nyentuh kayak tahun kemrin auto gue jual wkw,"all Bbri Avg money, I don't intend to trade, I'm purely looking for the yield per year, if the year is like last year, I'll automatically sell it lol",netral,negatif,-0.645072979
2025-02-25 02:41:09+00:00,ha ha hapasti lebiuh kaget kalo lihat topang ihsg biasa perkasa kini kapar tak daya bbri contoh makin tak daya asing kabur tinggal,"ha ha, I'm definitely more surprised to see that the IHSG support used to be strong, now it's collapsed and powerless, for example, foreigners are increasingly powerless and running away.",negatif,negatif,-0.5977262243
2025-02-25 03:23:34+00:00,minus bbri yasalam awkwk,minus bbri yasalam awkwk,negatif,negatif,-0.8506071609
2025-02-25 03:44:26+00:00,ihsg bbca bbri bilang judol lah danantara mau bilang apa kasino,ihsg bbca bbri said judol lah danantara mau say what kasino,negatif,netral,0
2025-02-25 04:01:05+00:00,maaf tarik diri saham bbri dulu,"sorry, I'm withdrawing my BBR shares first",negatif,negatif,-0.2546682096
2025-02-25 04:32:15+00:00,saham hubung danantara berdarahdarah bayang hari bbri bmri tlkm turun besar investor asing punya persepsi buruk danantara shg kabur beberapa bulan lalu semenjak wacana danantara,"Danantara's hubung shares are bleeding, shadow of the day, BBR, BMRI, TLKM, fell significantly. Foreign investors have a bad perception of Danantara, so they fled several months ago since the Danantara discourse.",negatif,negatif,-0.6980310683
2025-02-25 05:12:43+00:00,saat avg down bbri,when avg down bbri,negatif,negatif,-0.5350411878
2025-02-25 13:22:55+00:00,rakyat beli saham bbri bbni bmri kapan beli saham murah untung diveden rp lembar bro lo beli juta lembar lo untung juta tahun cuma duduk santai rumah,"People buy BBR, BNI, BMRI shares. When do you buy cheap shares and get a dividend of Rp. 1 sheet? Bro, if you buy a million shares, you will get a profit of millions a year just by sitting at home.",positif,negatif,-0.2767291567
2025-02-25 14:18:49+00:00,tunggu bbri lebih murah goreng baru masuk,wait for the cheaper bbri to fry then come in,positif,negatif,-0.2138286222
2025-02-25 15:44:06+00:00,bbri bawah,bottom bbri,negatif,negatif,-0.3958951305
2025-02-25 15:46:16+00:00,alah jemboddd bbri ku mes cokk,alah jemboddd my bbri mes cokk,negatif,negatif,-0.928680243
2025-02-25 16:26:50+00:00,makan jangan pernah beli emiten bbri bbni bmri kalo bbtn tunggu kolaps kredit macet gunung saran tarik uwang mu bank himbara segera sesal,"Eat, never buy issuers BBR, BBNI, BMRI, if BBTN, wait for the mountain to collapse, bad credit, I suggest withdrawing your money from Himbara Bank, you'll regret it immediately.",negatif,negatif,-0.3917167683
2025-02-25 23:18:34+00:00,percaya bakal naik enggak lama bbri mah,"I believe it will go up soon, bro",positif,positif,0.9010327955
2025-02-26 03:02:44+00:00,saham indonesia mau bluechip sekalipun turun banget coba lihat bbri tahun turun berapa persen lama orang kapok investasi saham bei,"Indonesian shares, even if they are blue-chip, have fallen significantly. Try looking at how many percent BRI has fallen in a year. How long will it take for people to be discouraged from investing in BEI shares?",negatif,negatif,-0.7739986332
2025-02-26 04:15:17+00:00,support bbri tembus gessss wahhhh jadi nih bahaya sekali analisa dukun pak kc,"support bbri penetrate gessss wahhhh so this shaman analysis is very dangerous, Mr. KC",negatif,negatif,-0.6074379797
2025-02-26 04:35:06+00:00,bbri lepas support gaes wkwkwkkw semangat holder bbri masuk,bbri releases support guys wkwkwkkw keep up the good work bbri holders come in,negatif,negatif,-0.4677972826
2025-02-26 08:59:26+00:00,danantara bikin ihsg jeblok saham tlkm hingga bbri ambles,"Danantara makes the JCI plummet, TLKM shares plummet, and BBR shares collapse",negatif,negatif,-0.5202809447
2025-02-26 12:04:07+00:00,apa bbri dik,what's up bro,netral,netral,0
2025-02-26 12:29:34+00:00,hari naik saham bbri asing jual bbri lebih banyak beli hari level an jatuh bawah support tadi tenang,"Today BBR shares rose, foreigners sold more BBR, bought more today, the level fell below the support, it was calm",negatif,negatif,-0.5731034833
2025-02-26 17:05:23+00:00,sentimen negatif danantara tekan sahamsaham bumn saham bbri jatuh level rendah tahun akhir bijak perintah bikin takut investor main aman tak mau ambil risiko maklum urus danantara jejak gelap,"Negative sentiment and between pressure on state-owned enterprise shares, BBR shares fall to a low level at the end of the year, wise orders scare investors, playing it safe, not wanting to take risks, understandably, Admin Danantara has a dark trail",negatif,negatif,-0.7380830071
2025-02-27 04:11:38+00:00,shock buka bbri minus,shock opens BBR minus,negatif,negatif,-0.7600197688
2025-02-27 04:22:50+00:00,cl enggak kak aku minus banyak bbri,"No, sis, I have a lot of minus points",negatif,negatif,-0.5993531917
2025-02-27 04:38:13+00:00,kontribusi sahamsaham bren dcii bbri jadi dorong utama kuat ihsg,The contribution of Bren DCII BBR shares is the main driving force behind the JCI,positif,positif,0.5322740174
2025-02-27 04:41:08+00:00,bbri berita apa dividen cut kuat modal,bbri news what dividend cut strong capital,netral,positif,0.4816363153
2025-02-27 04:43:23+00:00,awow bbri,wow bbri,netral,netral,0
2025-02-27 04:50:39+00:00,mantap kalau bbri ar kiri,steady if bbri ar left,netral,negatif,-0.4431654901
2025-02-27 05:01:15+00:00,bbri bankbank lain enggak ada harga diri anjir wkwkwk,"bbri other banks have no self-respect, dammit hahaha",negatif,negatif,-0.8489373329
2025-02-27 05:06:16+00:00,lama enggak buka stockbit makin surem bbri,"It's been a long time since I opened Stockbit, BRI is getting more and more uncertain",negatif,negatif,-0.7616825023
2025-02-27 05:10:08+00:00,apa kabar hari,how are you today?,netral,netral,0
2025-02-27 05:10:50+00:00,bbri tuju cuk,bbri tugu cuk,netral,netral,0
2025-02-27 09:09:55+00:00,bbri pantau hari mengadakn house training legal strategies for managing negative content on social media regarding bri group hello,bbri monitors today holding house training on legal strategies for managing negative content on social media regarding bri group hello,netral,positif,0.4816226464
2025-02-27 09:12:25+00:00,bbri ku,my bbri,netral,negatif,-0.7903066907
2025-02-27 09:14:34+00:00,bbri minus berapa bro,how much is the minus BBR bro?,negatif,negatif,-0.7503298891
2025-02-27 09:43:36+00:00,maaf jbjb kira kira bbri bukan support lanjut,Sorry jbjb I don't think Bbri is further support,netral,negatif,-0.5494428898
2025-02-27 10:13:40+00:00,fundamental is dead bbri buagus banget ancuran,fundamental is dead bbri buagus banget ancuran,negatif,negatif,-0.8008937053
2025-02-27 10:19:16+00:00,tabung nikah tahun mayoritas bbri harga beli ananjeng anjeng,marriage savings year majority bbri purchase price ananjeng anjeng,negatif,negatif,-0.7818782766
2025-02-27 10:31:27+00:00,bajingannn bbri,bastard bbri,negatif,netral,0
2025-02-27 11:27:51+00:00,bbri sama bbca bakal terjun bebas,bbri and bbc will plunge,negatif,negatif,-0.3831266201
2025-02-27 11:37:59+00:00,gue wkwkw lihat bbri guweh,me wkwkwk look at my bbri,netral,negatif,-0.9073493628
2025-02-27 12:08:14+00:00,akumulasi tanggal feb,accumulated date feb,netral,netral,0
2025-02-27 12:58:40+00:00,bbca sama bbri gue terjun bebas asu asu,"BBCA and BBR I'm in free fall, asu asu",negatif,negatif,-0.6480737987
2025-02-27 13:41:32+00:00,bank bumn hari bris bbri bbni bmri,state-owned banks today BRI BBR BNI BMRI,negatif,netral,0
2025-02-27 13:44:08+00:00,warga bbri cuma doa sama segera hijau,Bbri residents just pray that it will be green soon,negatif,negatif,-0.4485825087
2025-02-28 01:56:46+00:00,bbri cetak laba rp triliun januari lewat tetap optimis pandemi trump n restrukturisasi ekonomi makro,"Bbri posts Rp trillion profit in January, remains optimistic about Trump's pandemic and macroeconomic restructuring",positif,positif,0.7083333798
2025-02-28 02:01:01+00:00,mah cutloss jamaah nih bbri wkwkkw,"This congregation is cutting losses, Bbri, hahaha",negatif,negatif,-0.5605118214
2025-02-28 02:03:29+00:00,gila bbri open turun,crazy bbri open down,negatif,negatif,-0.9781275938
2025-02-28 02:04:32+00:00,bbri mau buy back hasil bbri turun terus jangan percaya sama omong emiten,"BBR wants to buy back BBR's results continue to fall, don't believe what the issuer says",negatif,negatif,-0.6173655376
2025-02-28 02:49:06+00:00,kalo kata holder bbri harga mandor mandor mah kuat,if the BBR holder says the price of the foreman is strong,negatif,negatif,-0.4827057983
2025-02-28 02:58:09+00:00,bbri menyalaaa,bbri is on,positif,negatif,-0.5852522236
2025-02-28 03:13:34+00:00,punya shm bbri menang pojok lebih dekat,have shm bbri win corner closer,negatif,negatif,-0.8303302548
2025-02-28 03:18:51+00:00,gapegang bbri banyak cuma wns dulu makro ekonomi gabagus prepare cash sikon bottom jangan tambah muat,Gapetangan BBR banyak hanya WNs dulu makro ekonomi ga bagus prepare cash sikon bottom tidak perlu tambah tahan,negatif,negatif,-0.7926417827
2025-02-28 05:16:33+00:00,bbri bulan januari profit turun mending cl gue avg enggak kuat,"bbri in January profits fell, it's better if my CL AVG isn't strong",negatif,negatif,-0.9216291307
2025-02-28 05:32:51+00:00,siapa hold bbri,who holds BBR,netral,netral,0
2025-02-28 05:38:18+00:00,ira bbri enggak bakal lebih turun perak awkwkwk mantap banget asli,"Ira Bbri won't go down more in silver, awkwkwk, really cool, really",negatif,negatif,-0.890308842
2025-02-28 05:44:19+00:00,if youre not avgdowning bbca from this point youre ngmi basically bbri tiap gue cek app terus turun gue beli lot wkwkwk gamble lucu kalo jeblok orang gas sekali lucu,if youre not avgdowning bbca from this point youre ngmi basically bbri every time i check the app it keeps going down i buy a lot wkwkwk gamble funny if people go down really funny,negatif,negatif,-0.6407575727
2025-02-28 05:54:24+00:00,sesialsialnya kalian lebih sial masuk bbri tahun lalu,unlucky you guys were even unlucky to enter bbri last year,negatif,negatif,-0.4719816812
2025-02-28 07:10:13+00:00,enggak beli baju dulu ygy soal bbri gue rungkad,I didn't buy clothes first because I was confused about my BRI,negatif,negatif,-0.71654373
2025-02-28 08:06:00+00:00,bbri bakal ngedrop enggak,Will bbri drop or not?,negatif,negatif,-0.4990768168
2025-02-28 08:18:04+00:00,waduh apa saham indonesia amerika kripto anjlok semua mengsedih bakal lebih parah pakar,"Wow, what about Indonesian and American crypto stocks plummeting? It's all sad, it will get worse, experts.",negatif,negatif,-0.6832292684
2025-02-28 09:53:35+00:00,kwoakwoa nyangkut bbri fix tahun enggak bisa apa apa,kwoakwoa stuck bbri fix year can't do anything,negatif,negatif,-0.3971301607
2025-02-28 10:03:49+00:00,gapapa hold bang ihsg memang trend turun bbri serok,"It's okay to hold on, bro, the IHSG is indeed trending down, BBR is getting worse",positif,negatif,-0.4391117379
2025-02-28 10:16:31+00:00,bbri jatuh malah nyungsep hari,bbri fell and plunged today,negatif,negatif,-0.9337839464
2025-02-28 18:53:51+00:00,lihat tadi kalau saham bbca bbri sama saham biasa nilai pasar tinggi malah meeosot jauh,"Look at the previous BBCA BBR shares and ordinary shares, the market value was high, but they actually fell a lot.",negatif,negatif,-0.34059156
2025-02-28 19:12:01+00:00,ihsg go bbri go wkkwkwk,ihsg go bbri go wkkwkwk,netral,negatif,-0.4241467264